insert into hotels (hid,hname,address,city,state) values (1,'Taj Coromandel','India Gate','Mumbai','Maharastra');
insert into hotels (hid,hname,address,city,state) values (2,'Vivanta by Taj','Dharavi','Mumbai','Maharastra');
insert into hotels (hid,hname,address,city,state) values (3,'ITC Gardenia','Ashok Nagar','Bengaluru','Karnataka ');
insert into hotels (hid,hname,address,city,state) values (4,'The Ritz-Carlton','Ashok Nagar','Bengaluru','Karnataka ');
insert into hotels (hid,hname,address,city,state) values (5,'Le Meridian','OMR','Chennai','TamilNadu');
insert into hotels (hid,hname,address,city,state) values (6,'Coal Barbeques','Adayar','Chennai','TamilNadu');
insert into hotels (hid,hname,address,city,state) values (8,'Taj Mahal Hotel','Man Singh Road','New Delhi','Delhi');
insert into hotels (hid,hname,address,city,state) values (9,'The Oberoi','Dr. Zakir Hussain Marg','New Delhi','Delhi');

insert into hotel_table_type(table_id,table_name,hid) values(15,'Table II 4 Seats',1);
insert into hotel_table_type(table_id,table_name,hid) values(16,'Table III 10 Seats',1);
insert into hotel_table_type(table_id,table_name,hid) values(17,'Table II 4 Seats',1);
insert into hotel_table_type(table_id,table_name,hid) values(18,'Table I 2 Seats',1);

insert into hotel_table_type(table_id,table_name,hid) values(5,'Table I 4 Seats',2);
insert into hotel_table_type(table_id,table_name,hid) values(6,'Table III 10 Seats',2);
insert into hotel_table_type(table_id,table_name,hid) values(7,'Table II 4 Seats',2);
insert into hotel_table_type(table_id,table_name,hid) values(8,'Table II 6 Seats',2);

insert into hotel_table_type(table_id,table_name,hid) values(75,'Table I 4 Seats',3);
insert into hotel_table_type(table_id,table_name,hid) values(76,'Table III 10 Seats',3);
insert into hotel_table_type(table_id,table_name,hid) values(77,'Table II 4 Seats',3);
insert into hotel_table_type(table_id,table_name,hid) values(78,'Table II 6 Seats',3);

insert into hotel_table_type(table_id,table_name,hid) values(45,'Table II 4 Seats',4);
insert into hotel_table_type(table_id,table_name,hid) values(46,'Table III 10 Seats',4);
insert into hotel_table_type(table_id,table_name,hid) values(47,'Table II 4 Seats',4);
insert into hotel_table_type(table_id,table_name,hid) values(48,'Table I 2 Seats',4);

insert into hotel_table_type(table_id,table_name,hid) values(35,'Table I 4 Seats',5);
insert into hotel_table_type(table_id,table_name,hid) values(36,'Table III 10 Seats',5);
insert into hotel_table_type(table_id,table_name,hid) values(37,'Table IIII 12 Seats',5);
insert into hotel_table_type(table_id,table_name,hid) values(38,'Table II 6 Seats',5);

insert into hotel_table_type(table_id,table_name,hid) values(65,'Table II 4 Seats',6);
insert into hotel_table_type(table_id,table_name,hid) values(66,'Table IIII 8 Seats',6);
insert into hotel_table_type(table_id,table_name,hid) values(67,'Table III 6 Seats',6);
insert into hotel_table_type(table_id,table_name,hid) values(68,'Table I 2 Seats',6);

insert into hotel_table_type(table_id,table_name,hid) values(85,'Table II 4 Seats',8);
insert into hotel_table_type(table_id,table_name,hid) values(86,'Table IIII 10 Seats',8);
insert into hotel_table_type(table_id,table_name,hid) values(87,'Table III 8 Seats',8);
insert into hotel_table_type(table_id,table_name,hid) values(88,'Table I 2 Seats',8);

insert into hotel_table_type(table_id,table_name,hid) values(95,'Table II 6 Seats',9);
insert into hotel_table_type(table_id,table_name,hid) values(96,'Table IIII 12 Seats',9);
insert into hotel_table_type(table_id,table_name,hid) values(97,'Table III 8 Seats',9);
insert into hotel_table_type(table_id,table_name,hid) values(98,'Table I 4 Seats',9);

insert into hotel_menu_type(menu_id,menu_name,menu_rate,hid) values(81,'Paranthas',300,8);
insert into hotel_menu_type(menu_id,menu_name,menu_rate,hid) values(82,'Butter Chicken',150,8);
insert into hotel_menu_type(menu_id,menu_name,menu_rate,hid) values(86,'Chole Bhature',155,8);
insert into hotel_menu_type(menu_id,menu_name,menu_rate,hid) values(83,'Nihari',320,8);
insert into hotel_menu_type(menu_id,menu_name,menu_rate,hid) values(84,'Aloo Tikki',160,8);
insert into hotel_menu_type(menu_id,menu_name,menu_rate,hid) values(85,'Chicken Changezi',550,8);
insert into hotel_menu_type(menu_id,menu_name,menu_rate,hid) values(87,'Kachori Aloo Sabzi',190,8);
insert into hotel_menu_type(menu_id,menu_name,menu_rate,hid) values(88,'Lime Soda',30,8);
insert into hotel_menu_type(menu_id,menu_name,menu_rate,hid) values(89,'Ice cream',50,8);

insert into hotel_menu_type(menu_id,menu_name,menu_rate,hid) values(91,'Paranthas',250,9);
insert into hotel_menu_type(menu_id,menu_name,menu_rate,hid) values(92,'Butter Chicken',200,9);
insert into hotel_menu_type(menu_id,menu_name,menu_rate,hid) values(96,'Chole Bhature',225,9);
insert into hotel_menu_type(menu_id,menu_name,menu_rate,hid) values(93,'Nihari',350,9);
insert into hotel_menu_type(menu_id,menu_name,menu_rate,hid) values(94,'Aloo Tikki',230,9);
insert into hotel_menu_type(menu_id,menu_name,menu_rate,hid) values(95,'Chicken Changezi',580,9);
insert into hotel_menu_type(menu_id,menu_name,menu_rate,hid) values(97,'Kachori Aloo Sabzi',161,9);
insert into hotel_menu_type(menu_id,menu_name,menu_rate,hid) values(99,'Ice cream',70,9);

insert into hotel_menu_type(menu_id,menu_name,menu_rate,hid) values(21,'Dosa',275,5);
insert into hotel_menu_type(menu_id,menu_name,menu_rate,hid) values(22,'Naralchi Vadi',100,5);
insert into hotel_menu_type(menu_id,menu_name,menu_rate,hid) values(26,'Ven Pongal',159,5);
insert into hotel_menu_type(menu_id,menu_name,menu_rate,hid) values(23,'Vada Curry',309,5);
insert into hotel_menu_type(menu_id,menu_name,menu_rate,hid) values(24,'Chicken-Briyani',320,5);
insert into hotel_menu_type(menu_id,menu_name,menu_rate,hid) values(25,'Fish-Briyani',151,5);
insert into hotel_menu_type(menu_id,menu_name,menu_rate,hid) values(27,'Idli Vada',162,5);
insert into hotel_menu_type(menu_id,menu_name,menu_rate,hid) values(29,'Uthappam',80,5);

insert into hotel_menu_type(menu_id,menu_name,menu_rate,hid) values(61,'Dosa',40,6);
insert into hotel_menu_type(menu_id,menu_name,menu_rate,hid) values(62,'Ven Pongal',55,6);
insert into hotel_menu_type(menu_id,menu_name,menu_rate,hid) values(66,'Naralchi Vadi',165,6);
insert into hotel_menu_type(menu_id,menu_name,menu_rate,hid) values(63,'Vada Curry',325,6);
insert into hotel_menu_type(menu_id,menu_name,menu_rate,hid) values(64,'Chicken-Briyani',400,6);
insert into hotel_menu_type(menu_id,menu_name,menu_rate,hid) values(65,'Fish-Briyani',499,6);
insert into hotel_menu_type(menu_id,menu_name,menu_rate,hid) values(67,'Idli Vada',175,6);
insert into hotel_menu_type(menu_id,menu_name,menu_rate,hid) values(69,'Uthappam',75,6);

insert into hotel_menu_type(menu_id,menu_name,menu_rate,hid) values(1,'Pohay',199,1);
insert into hotel_menu_type(menu_id,menu_name,menu_rate,hid) values(2,'Misal Pav',109,1);
insert into hotel_menu_type(menu_id,menu_name,menu_rate,hid) values(6,'Pithla Bhakri',251,1);
insert into hotel_menu_type(menu_id,menu_name,menu_rate,hid) values(3,'Sabudana Khichdi',333,1);
insert into hotel_menu_type(menu_id,menu_name,menu_rate,hid) values(4,'Bharli Vangi',345,1);
insert into hotel_menu_type(menu_id,menu_name,menu_rate,hid) values(5,'Vada Pav',179,1);
insert into hotel_menu_type(menu_id,menu_name,menu_rate,hid) values(7,'Aamti',101,1);
insert into hotel_menu_type(menu_id,menu_name,menu_rate,hid) values(9,'Rassa',1791,1);

insert into hotel_menu_type(menu_id,menu_name,menu_rate,hid) values(11,'Pohay',201,2);
insert into hotel_menu_type(menu_id,menu_name,menu_rate,hid) values(12,'Misal Pav',154,2);
insert into hotel_menu_type(menu_id,menu_name,menu_rate,hid) values(16,'Pithla Bhakri',191,2);
insert into hotel_menu_type(menu_id,menu_name,menu_rate,hid) values(13,'Sabudana Khichdi',430,2);
insert into hotel_menu_type(menu_id,menu_name,menu_rate,hid) values(14,'Bharli Vangi',370,2);
insert into hotel_menu_type(menu_id,menu_name,menu_rate,hid) values(15,'Vada Pav',290,2);
insert into hotel_menu_type(menu_id,menu_name,menu_rate,hid) values(17,'Aamti',111,2);
insert into hotel_menu_type(menu_id,menu_name,menu_rate,hid) values(19,'Puran Poli',355,2);

insert into hotel_menu_type(menu_id,menu_name,menu_rate,hid) values(31,'Dosa',315,3);
insert into hotel_menu_type(menu_id,menu_name,menu_rate,hid) values(32,'Ven Pongal',102,3);
insert into hotel_menu_type(menu_id,menu_name,menu_rate,hid) values(36,'Naralchi Vadi',151,3);
insert into hotel_menu_type(menu_id,menu_name,menu_rate,hid) values(33,'Nihari',321,3);
insert into hotel_menu_type(menu_id,menu_name,menu_rate,hid) values(34,'Aloo Tikki',215,3);
insert into hotel_menu_type(menu_id,menu_name,menu_rate,hid) values(35,'Chicken Changezi',580,3);
insert into hotel_menu_type(menu_id,menu_name,menu_rate,hid) values(37,'Kachori Aloo Sabzi',163,3);
insert into hotel_menu_type(menu_id,menu_name,menu_rate,hid) values(39,'Uthappam',185,3);

insert into hotel_menu_type(menu_id,menu_name,menu_rate,hid) values(41,'Dosa',329,4);
insert into hotel_menu_type(menu_id,menu_name,menu_rate,hid) values(42,'Ven Pongal',95,4);
insert into hotel_menu_type(menu_id,menu_name,menu_rate,hid) values(46,'Naralchi Vadi',189,4);
insert into hotel_menu_type(menu_id,menu_name,menu_rate,hid) values(43,'Nihari',319,4);
insert into hotel_menu_type(menu_id,menu_name,menu_rate,hid) values(44,'Aloo Tikki',235,4);
insert into hotel_menu_type(menu_id,menu_name,menu_rate,hid) values(45,'Chicken Changezi',580,4);
insert into hotel_menu_type(menu_id,menu_name,menu_rate,hid) values(47,'Kachori Aloo Sabzi',164,4);
insert into hotel_menu_type(menu_id,menu_name,menu_rate,hid) values(49,'Uthappam',49,4);
